<?xml version="1.0" encoding="UTF-8"?>
<project-private xmlns="http://www.netbeans.org/ns/project-private/1">
    <editor-bookmarks xmlns="http://www.netbeans.org/ns/editor-bookmarks/2" lastBookmarkId="0"/>
    <open-files xmlns="http://www.netbeans.org/ns/projectui-open-files/2">
        <group>
            <file>file:/C:/Users/chuny/Desktop/Documents/NetBeansProjects/ACG/src/javaapplication19/password.txt</file>
            <file>file:/C:/Users/chuny/Desktop/Documents/NetBeansProjects/ACG/src/javaapplication19/ServerGUI.java</file>
            <file>file:/C:/Users/chuny/Desktop/Documents/NetBeansProjects/ACG/src/javaapplication19/ClientGUI.java</file>
            <file>file:/C:/Users/chuny/Desktop/Documents/NetBeansProjects/ACG/src/javaapplication19/Client.java</file>
            <file>file:/C:/Users/chuny/Desktop/Documents/NetBeansProjects/ACG/src/javaapplication19/Server.java</file>
            <file>file:/C:/Users/chuny/Desktop/Documents/NetBeansProjects/ACG/src/acg/PasswordServer.java</file>
            <file>file:/C:/Users/chuny/Desktop/Documents/NetBeansProjects/ACG/src/javaapplication19/Encryption.java</file>
            <file>file:/C:/Users/chuny/Desktop/Documents/NetBeansProjects/ACG/src/javaapplication19/SendMail.java</file>
        </group>
    </open-files>
</project-private>
